category,pastel_ratio,dark_ratio,bright_ratio,image_count
kurti_pastel,0.3305778809355034,0.11368976292243858,0.014313024125507159,14
saree_fashion,0.21894314236111118,0.28503379991319455,0.06080013020833332,80
streetwear_india,0.21852705229111216,0.3290336845780041,0.035425688554709185,10
